City_ID,City,Country,Date,Lat,Lng,Max Temp,Humidity,Cloudiness,Wind Speed
0,Touros,BR,2021-10-10 19:58:49,-5.1989,-35.4608,85.1,69,27,12.75
1,Yellowknife,CA,2021-10-10 19:58:49,62.456,-114.3525,38.41,99,90,11.5
2,Rikitea,PF,2021-10-10 19:58:50,-23.1203,-134.9692,74.64,81,95,18.81
3,Bloemfontein,ZA,2021-10-10 19:58:50,-29.1211,26.214,60.28,41,0,9.22
4,Morant Bay,JM,2021-10-10 19:58:50,17.8815,-76.4093,87.62,65,26,6.67
5,Mekhe,SN,2021-10-10 19:58:51,15.1097,-16.6218,89.42,71,10,11.99
6,Barrow,US,2021-10-10 19:54:42,71.2906,-156.7887,28.42,74,75,9.22
7,Atuona,PF,2021-10-10 19:58:51,-9.8,-139.0333,78.28,77,48,19.26
8,Egvekinot,RU,2021-10-10 19:58:51,66.3167,-179.1667,18.91,87,99,8.66
9,Vaini,TO,2021-10-10 19:57:38,-21.2,-175.2,71.76,100,90,2.3
10,Lompoc,US,2021-10-10 19:58:52,34.6391,-120.4579,85.1,50,0,5.01
11,Hilo,US,2021-10-10 19:58:10,19.7297,-155.09,77.29,88,90,5.75
12,The Valley,AI,2021-10-10 19:58:52,18.217,-63.0578,83.82,89,75,16.11
13,Chokurdakh,RU,2021-10-10 19:58:53,70.6333,147.9167,16.18,90,100,5.7
14,Lebu,CL,2021-10-10 19:57:14,-37.6167,-73.65,55.54,72,17,10.78
15,Puerto Ayora,EC,2021-10-10 19:58:53,-0.7393,-90.3518,78.76,81,66,7.0
16,Ushuaia,AR,2021-10-10 19:57:00,-54.8,-68.3,51.46,32,20,26.46
17,Bandarbeyla,SO,2021-10-10 19:58:53,9.4942,50.8122,79.72,85,98,19.93
18,Aksu,CN,2021-10-10 19:58:54,41.1231,80.2644,50.22,25,100,0.96
19,Victoria,HK,2021-10-10 19:57:30,22.2855,114.1577,81.25,90,100,8.01
20,Dunedin,NZ,2021-10-10 19:58:54,-45.8742,170.5036,53.92,68,100,2.98
21,Esperance,AU,2021-10-10 19:57:46,-33.8667,121.9,53.44,47,100,20.62
22,Ponta Do Sol,PT,2021-10-10 19:58:55,32.6667,-17.1,73.0,72,19,4.25
23,Caxias,PT,2021-10-10 19:58:55,38.7031,-9.2767,71.47,61,0,1.01
24,Mataura,NZ,2021-10-10 19:58:55,-46.1927,168.8643,48.47,83,100,2.13
25,Busselton,AU,2021-10-10 19:58:56,-33.65,115.3333,54.05,75,94,14.54
26,Punta Arenas,CL,2021-10-10 19:56:02,-53.15,-70.9167,53.71,35,20,34.52
27,Bystryy Istok,RU,2021-10-10 19:58:56,52.371,84.3873,44.83,65,100,4.32
28,Santa Cruz,BO,2021-10-10 19:58:56,-17.8,-63.1667,96.26,49,75,13.8
29,Chuy,UY,2021-10-10 19:57:15,-33.6971,-53.4616,61.84,76,93,15.9
30,Kapaa,US,2021-10-10 19:58:57,22.0752,-159.319,78.19,70,22,7.0
31,Cape Town,ZA,2021-10-10 19:55:09,-33.9258,18.4232,65.12,65,0,4.61
32,Cidreira,BR,2021-10-10 19:58:57,-30.1811,-50.2056,65.62,77,100,18.95
33,Hobart,AU,2021-10-10 19:54:23,-42.8794,147.3294,42.26,83,20,1.01
34,Port Alfred,ZA,2021-10-10 19:58:57,-33.5906,26.891,60.87,68,11,24.83
35,Provideniya,RU,2021-10-10 19:58:58,64.3833,-173.3,32.11,74,75,4.47
36,Albany,US,2021-10-10 19:57:55,42.6001,-73.9662,67.03,76,97,1.99
37,Finschhafen,PG,2021-10-10 19:58:58,-6.6024,147.8681,76.96,89,100,4.54
38,Torbay,CA,2021-10-10 19:58:54,47.6666,-52.7314,47.28,73,75,21.85
39,Trollhattan,SE,2021-10-10 19:58:59,58.2333,12.4167,50.94,87,90,5.99
40,Nanortalik,GL,2021-10-10 19:58:59,60.1432,-45.2371,36.37,62,8,0.16
41,Castro,BR,2021-10-10 19:58:59,-24.7911,-50.0119,58.26,92,100,9.64
42,Tiksi,RU,2021-10-10 19:58:59,71.6872,128.8694,28.65,97,100,5.46
43,Mitsamiouli,KM,2021-10-10 19:59:00,-11.3847,43.2844,76.24,82,14,4.74
44,Madurai,IN,2021-10-10 19:59:00,9.9333,78.1167,79.29,83,100,3.98
45,Ilulissat,GL,2021-10-10 19:59:00,69.2167,-51.1,29.5,82,100,3.74
46,Grand Gaube,MU,2021-10-10 19:59:01,-20.0064,57.6608,72.37,91,98,8.99
47,Tadine,NC,2021-10-10 19:59:01,-21.55,167.8833,72.43,60,80,13.0
48,Saint-Philippe,RE,2021-10-10 19:56:56,-21.3585,55.7679,72.95,88,11,7.61
49,Tivaouane,SN,2021-10-10 19:59:02,14.9515,-16.8129,80.94,74,6,10.67
50,Bubaque,GW,2021-10-10 19:59:02,11.2833,-15.8333,82.72,77,100,9.82
51,Uyuni,BO,2021-10-10 19:59:03,-20.4597,-66.825,65.7,8,0,28.43
52,Nizwa,OM,2021-10-10 19:59:03,22.9333,57.5333,85.1,35,0,3.78
53,Hirara,JP,2021-10-10 19:59:03,24.8,125.2833,81.88,85,100,34.05
54,Katsuura,JP,2021-10-10 19:59:04,35.1333,140.3,71.71,72,80,12.97
55,Port Elizabeth,ZA,2021-10-10 19:55:36,-33.918,25.5701,61.11,77,40,18.41
56,Dharchula,IN,2021-10-10 19:59:04,29.85,80.5333,63.5,58,0,5.86
57,San Rafael,AR,2021-10-10 19:57:04,-34.6177,-68.3301,73.72,33,45,13.76
58,Sur,OM,2021-10-10 19:59:04,22.5667,59.5289,82.92,56,0,6.29
59,Tuktoyaktuk,CA,2021-10-10 19:59:05,69.4541,-133.0374,30.2,86,90,9.22
60,Avarua,CK,2021-10-10 19:57:35,-21.2078,-159.775,75.25,73,100,6.91
61,Nikolskoye,RU,2021-10-10 19:59:05,59.7035,30.7861,51.4,68,18,8.93
62,Kulhudhuffushi,MV,2021-10-10 19:59:05,6.6221,73.07,82.65,78,96,18.45
63,Saint George,US,2021-10-10 19:56:17,37.1041,-113.5841,70.43,33,0,1.01
64,Yangliuqing,CN,2021-10-10 19:59:06,39.1375,116.9997,48.15,58,96,7.25
65,Quesnel,CA,2021-10-10 19:56:29,52.9999,-122.5029,46.9,61,1,2.3
66,Agadez,NE,2021-10-10 19:59:07,19.75,10.25,81.07,10,10,4.47
67,Nhulunbuy,AU,2021-10-10 19:59:07,-12.2333,136.7667,74.01,88,54,0.0
68,Jamestown,US,2021-10-10 19:59:07,42.097,-79.2353,72.52,67,40,8.01
69,Busayra,JO,2021-10-10 19:59:08,30.7376,35.6078,67.42,35,0,1.83
70,Severo-Kurilsk,RU,2021-10-10 19:57:06,50.6789,156.125,47.32,94,100,26.11
71,Mar Del Plata,AR,2021-10-10 19:59:08,-38.0023,-57.5575,60.82,28,20,15.01
72,Warrington,GB,2021-10-10 19:54:22,53.3925,-2.5802,56.26,85,75,1.01
73,Harper,LR,2021-10-10 19:59:08,4.375,-7.7169,77.86,89,97,9.89
74,Fortuna,US,2021-10-10 19:56:39,40.5982,-124.1573,69.42,61,96,4.0
75,Dikson,RU,2021-10-10 19:59:09,73.5069,80.5464,29.89,66,100,22.97
76,Umm Bab,QA,2021-10-10 19:59:09,25.2142,50.8072,84.96,56,0,11.79
77,Hermanus,ZA,2021-10-10 19:59:10,-34.4187,19.2345,64.9,68,97,8.99
78,Londonderry,GB,2021-10-10 19:59:10,54.9981,-7.3093,53.33,87,40,6.91
79,Twin Falls,US,2021-10-10 19:59:10,42.3505,-114.6445,56.3,29,14,17.02
80,Portland,US,2021-10-10 19:56:33,45.5234,-122.6762,60.1,80,100,3.0
81,Bredasdorp,ZA,2021-10-10 19:59:11,-34.5322,20.0403,60.12,77,54,11.5
82,Port Hedland,AU,2021-10-10 19:59:11,-20.3167,118.5667,66.25,68,73,6.91
83,Karratha,AU,2021-10-10 19:59:11,-20.7377,116.8463,72.97,39,10,4.74
84,General Pico,AR,2021-10-10 19:59:12,-35.6566,-63.7568,69.98,50,100,5.82
85,La Primavera,CO,2021-10-10 19:58:28,5.4906,-70.4092,88.43,61,94,3.91
86,Qarayeri,AZ,2021-10-10 19:59:12,40.7886,46.3066,58.08,62,75,4.61
87,Hamilton,US,2021-10-10 19:59:12,39.1834,-84.5333,85.21,62,88,1.01
88,Namatanai,PG,2021-10-10 19:59:13,-3.6667,152.4333,79.11,80,27,3.0
89,San Francisco,US,2021-10-10 19:55:33,37.7749,-122.4194,82.22,65,1,4.0
90,Grindavik,IS,2021-10-10 19:59:13,63.8424,-22.4338,40.95,93,75,3.44
91,Bar Harbor,US,2021-10-10 19:59:13,44.3876,-68.2039,60.28,81,100,6.87
92,Kavaratti,IN,2021-10-10 19:59:14,10.5669,72.642,82.09,82,98,13.65
93,Luau,AO,2021-10-10 19:59:14,-10.7073,22.2247,83.26,27,98,2.64
94,Palmer,US,2021-10-10 19:59:14,42.1584,-72.3287,63.82,70,100,1.99
95,Kruisfontein,ZA,2021-10-10 19:59:05,-34.0033,24.7314,53.51,75,14,7.47
96,Tasiilaq,GL,2021-10-10 19:59:15,65.6145,-37.6368,22.77,59,1,2.59
97,Bilma,NE,2021-10-10 19:59:15,18.6853,12.9164,86.63,10,28,8.08
98,Rio Gallegos,AR,2021-10-10 19:59:15,-51.6226,-69.2181,50.05,57,40,11.5
99,Cherskiy,RU,2021-10-10 19:59:16,68.75,161.3,0.37,98,89,5.68
100,Sitka,US,2021-10-10 19:55:39,57.0531,-135.33,49.17,72,100,3.49
101,Cabra,ES,2021-10-10 19:59:16,37.4725,-4.4421,72.84,55,95,5.06
102,Swan River,CA,2021-10-10 19:59:16,52.1058,-101.2676,64.29,34,3,3.44
103,Birjand,IR,2021-10-10 19:59:17,32.8663,59.2211,45.07,12,0,6.91
104,Gat,IL,2021-10-10 19:59:17,31.61,34.7642,74.39,63,0,5.68
105,Loukhi,RU,2021-10-10 19:59:17,66.0764,33.0381,51.53,97,100,6.76
106,Codrington,AU,2021-10-10 19:59:18,-38.2667,141.9667,47.21,70,76,10.54
107,Arraial Do Cabo,BR,2021-10-10 19:59:18,-22.9661,-42.0278,66.16,94,90,12.66
108,Bridgetown,BB,2021-10-10 19:58:34,13.1,-59.6167,82.89,78,40,19.57
109,Butaritari,KI,2021-10-10 19:59:19,3.0707,172.7902,81.23,70,65,11.32
110,Traralgon,AU,2021-10-10 19:59:19,-38.1833,146.5333,42.91,92,34,2.44
111,Mackay,AU,2021-10-10 19:59:19,-21.15,149.2,68.04,94,25,4.61
112,Kavieng,PG,2021-10-10 19:59:20,-2.5744,150.7967,81.88,76,52,6.91
113,Neiafu,TO,2021-10-10 19:59:20,-18.65,-173.9833,72.28,94,75,3.44
114,Benguela,AO,2021-10-10 19:59:20,-12.5763,13.4055,74.21,83,98,1.28
115,Vostok,RU,2021-10-10 19:59:20,46.4856,135.8833,37.4,90,100,15.43
116,Lavrentiya,RU,2021-10-10 19:59:21,65.5833,-171.0,28.02,81,26,3.44
117,Nouakchott,MR,2021-10-10 19:57:49,18.0858,-15.9785,80.53,60,0,19.69
118,Sao Filipe,CV,2021-10-10 19:59:21,14.8961,-24.4956,81.39,70,0,5.61
119,Necochea,AR,2021-10-10 19:58:40,-38.5473,-58.7368,63.1,71,63,13.0
120,Yerbogachen,RU,2021-10-10 19:59:22,61.2767,108.0108,30.94,80,99,11.97
121,Nuuk,GL,2021-10-10 19:59:22,64.1835,-51.7216,34.88,69,100,5.01
122,Mujiayingzi,CN,2021-10-10 19:59:22,42.1167,118.7833,40.24,45,0,6.87
123,Aklavik,CA,2021-10-10 19:59:23,68.2191,-135.0107,30.92,86,75,5.75
124,Hargeysa,SO,2021-10-10 19:59:23,9.56,44.065,73.09,64,75,12.03
125,Owase,JP,2021-10-10 19:59:23,34.0667,136.2,68.94,87,0,3.98
126,Sechura,PE,2021-10-10 19:59:21,-5.5569,-80.8222,77.2,60,27,16.42
127,Yafran,LY,2021-10-10 19:59:24,32.0633,12.5286,65.01,67,0,13.6
128,Banyo,CM,2021-10-10 19:59:24,6.75,11.8167,64.31,96,100,3.8
129,Komsomolskiy,UZ,2021-10-10 19:59:24,40.4272,71.7189,48.92,76,31,4.61
130,Le Mans,FR,2021-10-10 19:55:26,48.0,0.2,57.13,77,0,5.75
131,Ourinhos,BR,2021-10-10 19:59:25,-22.9789,-49.8706,65.07,84,100,8.46
132,Kenai,US,2021-10-10 19:59:25,60.5544,-151.2583,47.08,78,17,6.58
133,Kahului,US,2021-10-10 19:59:11,20.8947,-156.47,81.84,83,66,11.99
134,Lorengau,PG,2021-10-10 19:59:26,-2.0226,147.2712,80.55,77,99,3.42
135,Shiyan,CN,2021-10-10 19:59:26,32.6475,110.7781,50.97,94,100,1.19
136,Georgetown,MY,2021-10-10 19:57:20,5.4112,100.3354,79.9,87,20,3.0
137,Quang Ngai,VN,2021-10-10 19:59:26,15.1167,108.8,76.05,93,96,3.65
138,Leshukonskoye,RU,2021-10-10 19:59:27,64.8989,45.7622,46.89,97,100,8.01
139,Varberg,SE,2021-10-10 19:59:27,57.1056,12.2508,55.4,83,41,18.3
140,Kem,RU,2021-10-10 19:59:27,64.9555,34.5793,52.3,93,100,11.81
141,Kodino,RU,2021-10-10 19:59:28,63.7198,39.6447,50.65,92,100,11.43
142,Cabo San Lucas,MX,2021-10-10 19:59:28,22.8909,-109.9124,95.61,67,82,1.99
143,Godfrey,US,2021-10-10 19:58:24,38.9556,-90.1868,88.65,44,0,8.99
144,Leningradskiy,RU,2021-10-10 19:59:28,69.3833,178.4167,19.51,90,100,4.47
145,Iqaluit,CA,2021-10-10 19:57:48,63.7506,-68.5145,40.73,70,20,4.0
146,Half Moon Bay,US,2021-10-10 19:59:29,37.4636,-122.4286,81.54,61,9,5.97
147,Ust-Tsilma,RU,2021-10-10 19:59:29,65.441,52.1498,33.19,98,100,6.64
148,Bluff,NZ,2021-10-10 19:59:30,-46.6,168.3333,48.79,91,100,7.52
149,Thompson,CA,2021-10-10 19:59:30,55.7435,-97.8558,48.36,87,75,6.91
150,Bathsheba,BB,2021-10-10 19:59:30,13.2167,-59.5167,83.01,78,40,19.57
151,Guerrero Negro,MX,2021-10-10 19:59:20,27.9769,-114.0611,79.88,44,0,10.2
152,Bambous Virieux,MU,2021-10-10 19:59:31,-20.3428,57.7575,71.85,100,75,13.8
153,Westport,US,2021-10-10 19:59:31,41.1415,-73.3579,67.08,92,100,1.01
154,Velikiy Ustyug,RU,2021-10-10 19:59:31,60.7644,46.3106,47.16,93,100,9.08
155,Reinosa,ES,2021-10-10 19:59:32,42.9996,-4.138,52.21,94,100,4.32
156,Khatanga,RU,2021-10-10 19:59:32,71.9667,102.5,16.77,96,100,4.85
157,Nizhniy Kuranakh,RU,2021-10-10 19:59:32,58.8353,125.4869,31.59,86,82,10.0
158,Hazorasp,UZ,2021-10-10 19:59:33,41.3194,61.0742,42.64,40,0,3.6
159,Ennigerloh,DE,2021-10-10 19:59:33,51.8333,8.0167,50.81,86,99,4.41
160,Duzce,TR,2021-10-10 19:59:33,40.8389,31.1639,61.27,92,97,1.74
161,Shahrud,IR,2021-10-10 19:59:34,36.4182,54.9763,49.42,50,0,3.89
162,Vanimo,PG,2021-10-10 19:59:34,-2.6741,141.3028,79.03,89,100,3.27
163,Liverpool,GB,2021-10-10 19:58:34,53.4106,-2.9779,56.98,81,75,1.01
164,Airai,TL,2021-10-10 19:59:34,-8.9266,125.4092,60.62,71,100,1.1
165,Ribeira Grande,PT,2021-10-10 19:59:35,38.5167,-28.7,72.0,94,40,14.97
166,Berlevag,NO,2021-10-10 19:59:35,70.8578,29.0864,42.6,87,20,12.66
167,San Policarpo,PH,2021-10-10 19:59:35,12.1791,125.5072,80.04,82,64,10.31
168,Kirakira,SB,2021-10-10 19:59:36,-10.4544,161.9205,78.62,84,90,3.4
169,Aguimes,ES,2021-10-10 19:59:36,27.9054,-15.4461,72.23,59,20,16.11
170,Jiuquan,CN,2021-10-10 19:59:36,39.7432,98.5174,39.78,23,0,2.53
171,Makakilo City,US,2021-10-10 19:59:37,21.3469,-158.0858,79.68,77,90,5.75
172,Omboue,GA,2021-10-10 19:59:37,-1.5746,9.2618,77.54,83,100,5.68
173,Los Llanos De Aridane,ES,2021-10-10 19:59:37,28.6585,-17.9182,69.55,86,20,16.11
174,Nemuro,JP,2021-10-10 19:59:38,43.3236,145.575,63.07,91,100,34.83
175,Ahipara,NZ,2021-10-10 19:59:38,-35.1667,173.1667,57.67,67,77,5.91
176,Kongwa,TZ,2021-10-10 19:59:38,-6.2,36.4167,69.55,61,92,6.64
177,Khuzhir,RU,2021-10-10 19:59:38,53.1939,107.3397,44.29,67,0,2.33
178,East London,ZA,2021-10-10 19:59:39,-33.0153,27.9116,60.58,68,5,17.09
179,Haines Junction,CA,2021-10-10 19:59:39,60.7522,-137.5108,33.75,80,29,2.3
180,Montepuez,MZ,2021-10-10 19:59:39,-13.1256,38.9997,72.43,71,35,9.78
181,Qaanaaq,GL,2021-10-10 19:59:40,77.484,-69.3632,29.62,90,100,8.3
182,Kingussie,GB,2021-10-10 19:59:40,57.08,-4.0523,49.26,81,100,12.48
183,Zhigansk,RU,2021-10-10 19:59:40,66.7697,123.3711,33.66,99,100,11.65
184,Inhambane,MZ,2021-10-10 19:59:41,-23.865,35.3833,69.13,62,14,17.36
185,Naze,JP,2021-10-10 19:59:41,28.3667,129.4833,76.89,87,63,16.11
186,Churapcha,RU,2021-10-10 19:59:41,62.0025,132.4325,31.96,97,100,9.82
187,Geraldton,AU,2021-10-10 19:59:42,-28.7667,114.6,48.61,93,14,6.91
188,Zhangye,CN,2021-10-10 19:59:42,38.9342,100.4517,47.64,34,0,4.63
189,Wageningen,NL,2021-10-10 19:59:42,51.9667,5.6667,57.94,93,90,1.14
190,Tulun,RU,2021-10-10 19:59:43,54.5611,100.5792,36.0,73,40,2.82
191,Ankazoabo,MG,2021-10-10 19:59:43,-22.2833,44.5167,71.49,72,96,10.29
192,Saskylakh,RU,2021-10-10 19:59:43,71.9167,114.0833,14.65,96,100,6.85
193,Fortuna Foothills,US,2021-10-10 19:59:44,32.6578,-114.4119,84.22,17,0,5.99
194,Atkinson,US,2021-10-10 19:59:11,42.8384,-71.147,63.57,80,100,1.99
195,Ulladulla,AU,2021-10-10 19:59:44,-35.35,150.4667,47.3,83,100,10.16
196,Waldoboro,US,2021-10-10 19:59:44,44.0954,-69.3756,61.68,86,100,5.35
197,Mazamari,PE,2021-10-10 19:59:45,-11.3258,-74.5308,88.88,51,87,2.77
198,Mount Gambier,AU,2021-10-10 19:59:45,-37.8333,140.7667,37.31,93,99,0.0
199,New Norfolk,AU,2021-10-10 19:57:19,-42.7826,147.0587,41.92,76,85,2.37
200,San Quintin,MX,2021-10-10 19:59:45,30.4833,-115.95,73.02,54,0,9.89
201,Ostrovnoy,RU,2021-10-10 19:59:46,68.0531,39.5131,42.73,94,100,4.7
202,Nouadhibou,MR,2021-10-10 19:59:46,20.931,-17.0347,71.58,73,0,19.57
203,Houma,US,2021-10-10 19:59:46,29.5958,-90.7195,87.8,67,1,10.85
204,Padang,ID,2021-10-10 19:59:45,-0.9492,100.3543,75.34,96,100,1.74
205,Juegang,CN,2021-10-10 19:59:47,32.3174,121.1855,68.92,89,100,22.26
206,Upernavik,GL,2021-10-10 19:59:47,72.7868,-56.1549,32.99,98,100,12.15
207,Longyearbyen,SJ,2021-10-10 19:57:25,78.2186,15.6401,22.84,86,75,6.91
208,Mandera,KE,2021-10-10 19:59:47,3.9366,41.867,89.73,40,100,15.43
209,Flinders,AU,2021-10-10 19:59:48,-34.5833,150.8552,52.21,88,100,5.01
210,Chavakkad,IN,2021-10-10 19:59:48,10.5333,76.05,79.97,88,100,4.61
211,Basco,PH,2021-10-10 19:59:48,20.4487,121.9702,81.41,90,100,43.44
212,Emerald,AU,2021-10-10 19:59:49,-23.5333,148.1667,66.34,70,75,9.22
213,Turayf,SA,2021-10-10 19:59:49,31.6725,38.6637,75.45,23,0,11.5
214,Chicama,PE,2021-10-10 19:59:49,-7.8447,-79.1469,59.54,65,37,10.09
215,Clyde River,CA,2021-10-10 19:55:54,70.4692,-68.5914,37.63,81,90,3.44
216,Lazaro Cardenas,MX,2021-10-10 19:59:50,17.9583,-102.2,85.48,67,91,7.23
217,Garcia,MX,2021-10-10 19:59:50,25.8167,-100.5833,95.86,45,1,5.59
218,Maracacume,BR,2021-10-10 19:59:50,-2.0428,-45.9592,85.6,60,95,8.84
219,Xambioa,BR,2021-10-10 19:59:51,-6.4111,-48.5364,96.69,28,100,4.12
220,Ugoofaaru,MV,2021-10-10 19:59:51,5.6667,73.0,83.08,77,78,17.09
221,Namibe,AO,2021-10-10 19:59:51,-15.1961,12.1522,68.86,85,79,6.46
222,Ancud,CL,2021-10-10 19:59:52,-41.8697,-73.8203,56.73,76,100,7.96
223,Amuntai,ID,2021-10-10 19:59:52,-2.4177,115.2494,74.41,96,93,0.74
224,Cockburn Town,TC,2021-10-10 19:57:22,21.4612,-71.1419,82.98,72,100,15.64
225,Henties Bay,NA,2021-10-10 19:59:52,-22.116,14.2845,60.85,66,0,3.0
226,Ukiah,US,2021-10-10 19:59:53,39.1502,-123.2078,81.12,37,0,1.99
227,Seymchan,RU,2021-10-10 19:59:53,62.8833,152.4333,17.82,69,10,4.7
228,Avera,US,2021-10-10 19:59:53,33.194,-82.5271,82.71,52,7,8.48
229,Celestun,MX,2021-10-10 19:59:54,20.8667,-90.4,85.06,67,94,9.86
230,Vestmannaeyjar,IS,2021-10-10 19:59:54,63.4427,-20.2734,43.63,71,65,15.19
231,Konevo,RU,2021-10-10 19:59:54,62.1215,39.3192,49.59,87,100,10.51
232,North Bend,US,2021-10-10 19:57:27,43.4065,-124.2243,62.17,92,92,6.26
233,Viedma,AR,2021-10-10 19:59:55,-40.8135,-62.9967,78.39,21,0,14.41
234,Sampit,ID,2021-10-10 19:59:55,-2.5333,112.95,75.69,97,100,2.86
235,Kodiak,US,2021-10-10 19:59:55,57.79,-152.4072,42.98,63,100,2.53
236,Porto Novo,BJ,2021-10-10 19:59:56,6.4965,2.6036,80.42,83,78,5.82
237,Husavik,IS,2021-10-10 19:59:56,66.0449,-17.3389,37.31,97,100,1.21
238,Honiara,SB,2021-10-10 19:59:56,-9.4333,159.95,79.18,85,97,0.98
239,Erenhot,CN,2021-10-10 19:59:57,43.6475,111.9767,41.81,34,0,8.21
240,Hervey Bay,AU,2021-10-10 19:59:57,-25.2986,152.8535,70.02,71,4,12.84
241,Joniskis,LT,2021-10-10 19:59:57,56.2403,23.6153,41.92,74,0,8.16
242,Zakamensk,RU,2021-10-10 19:59:57,50.3741,103.2863,30.76,72,3,2.44
243,Krasnyy Oktyabr,RU,2021-10-10 19:59:58,56.1167,38.8833,45.63,73,91,4.43
244,Catia La Mar,VE,2021-10-10 19:59:58,10.6038,-67.0303,89.8,62,20,3.44
245,Kysyl-Syr,RU,2021-10-10 19:59:58,63.8986,122.7617,32.18,89,100,8.99
246,Suzdal,RU,2021-10-10 19:59:59,56.4281,40.4414,47.61,75,97,5.61
247,Asau,RO,2021-10-10 19:56:43,46.4333,26.4,42.76,74,18,2.48
248,Poso,ID,2021-10-10 19:59:59,-1.3959,120.7524,78.44,78,100,2.33
249,Mecca,SA,2021-10-10 19:56:16,21.4267,39.8261,87.51,45,1,4.43
250,Taltal,CL,2021-10-10 20:00:00,-25.4,-70.4833,67.15,51,12,6.06
251,Muriwai Beach,NZ,2021-10-10 20:00:00,-36.8167,174.45,58.42,67,89,9.46
252,Liloan,PH,2021-10-10 20:00:00,10.3991,123.9992,82.38,78,75,11.5
253,Gaoual,GN,2021-10-10 20:00:01,11.75,-13.2,78.62,86,100,1.99
254,Erdenet,MN,2021-10-10 20:00:04,49.0333,104.0833,34.43,52,6,3.09
255,Olinda,BR,2021-10-10 20:00:05,-8.0089,-34.8553,80.33,74,40,8.05
256,Carnarvon,AU,2021-10-10 20:00:08,-24.8667,113.6333,66.0,68,0,18.84
257,Asyut,EG,2021-10-10 19:57:19,27.181,31.1837,82.58,21,19,6.76
258,Abu Samrah,SY,2021-10-10 20:00:09,35.3029,37.1841,73.9,22,44,2.21
259,Alofi,NU,2021-10-10 19:57:45,-19.0595,-169.9187,71.49,100,100,1.14
260,Tebingtinggi,ID,2021-10-10 20:00:10,3.3285,99.1625,73.76,91,100,2.53
261,San Vicente,AR,2021-10-10 19:59:58,-26.6167,-54.1333,68.4,77,86,5.1
262,Pevek,RU,2021-10-10 20:00:11,69.7008,170.3133,22.14,92,100,7.65
263,Paamiut,GL,2021-10-10 20:00:12,61.994,-49.6678,36.46,60,100,8.34
264,Champerico,GT,2021-10-10 20:00:13,14.3,-91.9167,90.95,76,100,10.89
265,Luderitz,NA,2021-10-10 19:58:12,-26.6481,15.1594,70.45,41,11,6.44
266,Pisco,PE,2021-10-10 20:00:13,-13.7,-76.2167,68.02,79,30,7.83
267,Elizabeth City,US,2021-10-10 20:00:14,36.2946,-76.2511,77.02,82,81,1.99
268,Port Shepstone,ZA,2021-10-10 20:00:15,-30.7414,30.455,63.07,56,100,5.12
269,Ashington,GB,2021-10-10 20:00:15,50.9331,-0.3909,58.17,71,95,1.01
270,Svetlaya,RU,2021-10-10 20:00:16,46.5389,138.3297,48.94,62,12,5.32
271,Opuwo,NA,2021-10-10 20:00:17,-18.0607,13.84,80.42,13,0,5.93
272,Straumen,NO,2021-10-10 20:00:18,63.8709,11.2999,47.62,87,59,6.22
273,Lagos,NG,2021-10-10 19:57:04,6.5833,3.75,80.92,94,100,3.69
274,Te Anau,NZ,2021-10-10 20:00:06,-45.4167,167.7167,42.24,97,100,1.21
275,Beringovskiy,RU,2021-10-10 20:00:19,63.05,179.3167,29.59,85,100,13.2
276,Buala,SB,2021-10-10 20:00:19,-8.145,159.5921,80.06,83,97,4.88
277,Luanda,AO,2021-10-10 20:00:19,-8.8368,13.2343,73.63,81,14,12.37
278,Severnoye,RU,2021-10-10 20:00:20,56.3491,78.3619,28.63,75,100,7.43
279,Bonoua,CI,2021-10-10 20:00:20,5.2741,-3.595,80.22,91,99,4.99
280,Talnakh,RU,2021-10-10 20:00:21,69.4865,88.3972,20.71,96,93,5.41
281,Bridlington,GB,2021-10-10 20:00:21,54.0831,-0.1919,53.89,78,90,12.06
282,Constitucion,CL,2021-10-10 20:00:21,-35.3333,-72.4167,60.89,59,0,15.95
283,San Javier,ES,2021-10-10 20:00:22,37.8063,-0.8374,72.12,68,0,5.01
284,Marrakesh,MA,2021-10-10 19:57:49,31.6315,-8.0083,84.27,37,0,5.75
285,Caravelas,BR,2021-10-10 20:00:22,-17.7125,-39.2481,73.31,87,100,8.52
286,Jalu,LY,2021-10-10 20:00:23,29.0331,21.5482,79.72,26,0,9.33
287,Bengkulu,ID,2021-10-10 19:58:03,-3.8004,102.2655,75.52,90,94,4.16
288,Hakui,JP,2021-10-10 20:00:23,36.8833,136.7833,67.24,81,2,6.42
289,Fuerte Olimpo,PY,2021-10-10 20:00:23,-21.0415,-57.8738,81.68,80,73,4.99
290,Ramanagaram,IN,2021-10-10 20:00:24,12.7167,77.3,72.1,93,99,3.91
291,Merauke,ID,2021-10-10 20:00:24,-8.4667,140.3333,76.66,84,100,9.17
292,Port Lincoln,AU,2021-10-10 20:00:25,-34.7333,135.8667,49.42,65,4,9.84
293,Pangnirtung,CA,2021-10-10 20:00:25,66.1451,-65.7125,30.2,100,90,9.22
294,Vallenar,CL,2021-10-10 20:00:17,-28.5708,-70.7581,80.47,10,2,9.13
295,Faya,SA,2021-10-10 20:00:25,18.3851,42.4509,65.66,30,32,12.08
296,Nalut,LY,2021-10-10 20:00:26,30.3333,10.85,71.35,50,0,20.98
297,La Ronge,CA,2021-10-10 20:00:26,55.1001,-105.2842,49.91,44,100,5.59
298,Vila Franca Do Campo,PT,2021-10-10 20:00:26,37.7167,-25.4333,70.21,87,100,9.84
299,Kuala Pilah,MY,2021-10-10 20:00:27,2.7389,102.2487,77.95,88,100,3.53
300,Pointe Michel,DM,2021-10-10 20:00:27,15.25,-61.3833,78.12,90,100,13.85
301,Ekibastuz,KZ,2021-10-10 20:00:27,51.6667,75.3667,40.53,88,98,9.1
302,Prenzlau,DE,2021-10-10 20:00:28,53.3167,13.8667,48.27,56,100,7.58
303,Manta,EC,2021-10-10 19:55:53,-0.95,-80.7333,73.18,78,90,10.36
304,Sayyan,YE,2021-10-10 20:00:28,15.1718,44.3244,62.89,37,88,12.75
305,Lacey,US,2021-10-10 19:58:49,47.0343,-122.8232,58.28,66,82,1.01
306,Libenge,CD,2021-10-10 20:00:29,3.65,18.6333,71.94,96,16,3.11
307,Saint Anthony,US,2021-10-10 20:00:29,45.0205,-93.218,72.55,62,75,8.01
308,Peniche,PT,2021-10-10 20:00:29,39.3558,-9.3811,71.62,83,11,2.89
309,Mbandaka,CD,2021-10-10 20:00:30,0.0487,18.2603,71.82,98,78,3.76
310,Cayenne,GF,2021-10-10 20:00:30,4.9333,-52.3333,87.84,76,0,5.01
311,Acarau,BR,2021-10-10 20:00:31,-2.8856,-40.12,81.45,73,7,20.38
312,Zhangjiakou,CN,2021-10-10 20:00:22,40.81,114.8794,41.23,48,0,4.09
313,Menongue,AO,2021-10-10 20:00:31,-14.6585,17.691,76.32,22,45,6.29
314,Isangel,VU,2021-10-10 19:57:37,-19.55,169.2667,71.71,78,4,10.36
315,Dezful,IR,2021-10-10 20:00:32,32.3811,48.4058,80.49,10,0,1.92
316,Salinopolis,BR,2021-10-10 20:00:32,-0.6136,-47.3561,82.99,71,75,13.87
317,Narsaq,GL,2021-10-10 19:58:43,60.9167,-46.05,34.65,47,34,0.31
318,Bethel,US,2021-10-10 20:00:32,41.3712,-73.414,64.69,90,100,1.01
319,La Paz,BO,2021-10-10 20:00:07,-16.5,-68.15,64.11,40,47,6.33
320,Hithadhoo,MV,2021-10-10 20:00:33,-0.6,73.0833,82.9,67,98,12.21
321,Yantal,RU,2021-10-10 20:00:33,56.8471,105.2542,41.85,72,100,15.28
322,Pacifica,US,2021-10-10 20:00:34,37.6138,-122.4869,81.34,68,7,1.01
323,Savannah Bight,HN,2021-10-10 20:00:35,16.45,-85.85,87.01,75,8,2.86
324,Ajdabiya,LY,2021-10-10 20:00:35,30.7554,20.2263,81.61,27,0,8.23
325,Kabinda,CD,2021-10-10 20:00:35,-6.1333,24.4833,71.47,77,100,0.54
326,Nantucket,US,2021-10-10 20:00:36,41.2835,-70.0995,62.96,86,100,22.62
327,Kamiichi,JP,2021-10-10 20:00:36,36.7,137.3667,66.79,69,0,6.93
328,Plouzane,FR,2021-10-10 20:00:36,48.3833,-4.6167,59.09,94,20,6.91
329,Ambilobe,MG,2021-10-10 20:00:37,-13.2,49.05,71.64,67,64,3.78
330,Valdivia,CL,2021-10-10 19:59:08,-39.8142,-73.2459,59.09,64,10,6.71
331,Manakara,MG,2021-10-10 20:00:37,-22.1333,48.0167,69.57,86,67,5.44
332,Mvuma,ZW,2021-10-10 20:00:37,-19.2792,30.5283,54.55,93,100,14.34
333,Boguchany,RU,2021-10-10 20:00:38,58.3814,97.4531,31.08,93,100,5.35
334,Goryachegorsk,RU,2021-10-10 20:00:38,55.4053,88.9154,37.4,98,100,1.88
335,Kumla,SE,2021-10-10 20:00:38,59.1277,15.1434,51.75,71,40,12.66
336,Chiman,PK,2021-10-10 20:00:39,32.5463,73.8138,75.27,54,0,7.63
337,Tateyama,JP,2021-10-10 20:00:39,34.9833,139.8667,71.62,70,62,13.2
338,Calama,CL,2021-10-10 20:00:39,-22.4667,-68.9333,74.53,10,4,18.34
339,Byron Bay,AU,2021-10-10 20:00:40,-28.65,153.6167,68.05,84,27,12.88
340,Richards Bay,ZA,2021-10-10 20:00:40,-28.783,32.0377,62.6,62,74,6.33
341,Maragogi,BR,2021-10-10 20:00:40,-9.0122,-35.2225,78.08,75,32,8.43
342,Fairbanks,US,2021-10-10 19:57:06,64.8378,-147.7164,36.3,95,90,0.0
343,Norman Wells,CA,2021-10-10 20:00:41,65.282,-126.8329,32.04,93,75,10.36
344,Abha,SA,2021-10-10 20:00:41,18.2164,42.5053,65.93,30,14,13.71
345,Payakumbuh,ID,2021-10-10 20:00:41,-0.2202,100.6308,70.54,98,100,4.05
346,Maniitsoq,GL,2021-10-10 19:59:45,65.4167,-52.9,36.54,79,100,11.25
347,San Isidro,PE,2021-10-10 20:00:42,-12.1167,-77.05,64.26,79,55,1.01
348,Praia Da Vitoria,PT,2021-10-10 20:00:42,38.7333,-27.0667,72.75,95,100,16.26
349,Igarka,RU,2021-10-10 20:00:42,67.4667,86.5833,27.09,74,100,12.93
350,Lipovtsy,RU,2021-10-10 20:00:43,44.2014,131.7244,47.5,61,0,12.46
351,Belmopan,BZ,2021-10-10 20:00:43,17.25,-88.7667,86.31,42,37,5.12
352,Ploemeur,FR,2021-10-10 20:00:43,47.7333,-3.4333,59.83,90,0,6.91
353,Huaibei,CN,2021-10-10 20:00:44,33.9744,116.7917,54.61,67,100,7.83
354,Launceston,AU,2021-10-10 20:00:44,-41.45,147.1667,39.15,89,3,6.91
355,Havoysund,NO,2021-10-10 20:00:44,70.9963,24.6622,43.68,88,100,6.55
356,Galle,LK,2021-10-10 20:00:45,6.0367,80.217,79.65,86,79,13.09
357,Marsh Harbour,BS,2021-10-10 20:00:45,26.5412,-77.0636,82.81,61,21,4.32
358,Talara,PE,2021-10-10 20:00:45,-4.5772,-81.2719,68.63,80,20,16.53
359,Grand-Lahou,CI,2021-10-10 20:00:46,5.1367,-5.0242,78.22,88,99,8.05
360,Zhaotong,CN,2021-10-10 20:00:46,27.3167,103.7167,51.21,95,100,4.16
361,Cap Malheureux,MU,2021-10-10 19:58:51,-19.9842,57.6142,72.46,91,97,8.99
362,Dzaoudzi,YT,2021-10-10 20:00:46,-12.7887,45.2699,76.89,83,0,6.91
363,Clarence Town,AU,2021-10-10 20:00:47,-32.5833,151.7833,60.62,96,100,9.04
364,Amga,RU,2021-10-10 20:00:47,60.8953,131.9608,32.16,94,100,5.88
365,Salalah,OM,2021-10-10 20:00:47,17.0151,54.0924,78.96,81,95,1.81
366,Dawei,MM,2021-10-10 20:00:48,14.0833,98.2,76.89,94,100,2.89
367,Nazare,BR,2021-10-10 20:00:49,-13.035,-39.0144,79.52,65,0,7.2
368,Adolfo Lopez Mateos,MX,2021-10-10 20:00:49,28.4667,-107.3,76.93,30,0,24.72
369,Ballarat,AU,2021-10-10 20:00:49,-37.5662,143.8496,38.5,95,56,3.47
370,Foam Lake,CA,2021-10-10 20:00:49,51.65,-103.5343,67.69,19,28,13.0
371,Kiama,AU,2021-10-10 20:00:50,-34.6833,150.8667,51.39,91,100,5.01
372,Nakamura,JP,2021-10-10 20:00:50,32.9833,132.9333,73.08,95,86,2.82
373,Newton,US,2021-10-10 19:58:38,42.337,-71.2092,64.04,80,100,4.0
374,Alicia,PH,2021-10-10 20:00:51,16.7794,121.6973,74.32,97,100,4.61
375,Pahrump,US,2021-10-10 20:00:51,36.2083,-115.9839,76.24,20,0,1.01
376,Methven,NZ,2021-10-10 20:00:51,-43.6333,171.65,50.04,70,100,12.97
377,Mehamn,NO,2021-10-10 20:00:52,71.0357,27.8492,42.98,93,40,9.22
378,Comodoro Rivadavia,AR,2021-10-10 19:57:04,-45.8667,-67.5,71.46,28,0,18.41
379,Accra,GH,2021-10-10 20:00:52,5.556,-0.1969,78.73,82,72,9.66
380,Sydney,AU,2021-10-10 20:00:48,-33.8679,151.2073,53.06,92,75,1.99
381,Klaksvik,FO,2021-10-10 20:00:52,62.2266,-6.589,41.92,72,100,21.45
382,Ambon,ID,2021-10-10 20:00:53,-3.6954,128.1814,77.14,88,20,5.75
383,Port Moresby,PG,2021-10-10 20:00:53,-9.4431,147.1797,74.61,92,100,1.68
384,Kormilovka,RU,2021-10-10 20:00:53,55.0026,74.1028,35.35,78,100,9.08
385,Port Keats,AU,2021-10-10 20:00:54,-14.25,129.55,81.1,77,97,9.26
386,Goderich,CA,2021-10-10 20:00:47,43.7501,-81.7165,68.2,89,100,19.62
387,Aloleng,PH,2021-10-10 20:00:54,16.1307,119.7824,82.99,81,100,22.35
388,Araouane,ML,2021-10-10 20:00:54,18.9048,-3.5265,93.11,8,100,6.6
389,Souillac,MU,2021-10-10 20:00:55,-20.5167,57.5167,71.37,90,94,9.78
390,Da Nang,VN,2021-10-10 19:58:34,16.0678,108.2208,78.85,94,20,1.14
391,Kalagarh,IN,2021-10-10 20:00:55,29.5,78.75,70.48,67,0,3.56
392,Bikin,RU,2021-10-10 20:00:55,46.8161,134.26,45.63,64,99,14.72
393,Esso,RU,2021-10-10 20:00:56,55.9333,158.7,24.26,90,100,3.87
394,Vila,PT,2021-10-10 19:58:10,42.0304,-8.1588,61.34,58,37,5.01
395,Midland,US,2021-10-10 19:58:22,31.9974,-102.0779,92.43,21,1,26.46
396,Dalby,AU,2021-10-10 20:00:56,-27.1833,151.2667,65.98,74,99,3.0
397,Meulaboh,ID,2021-10-10 20:00:57,4.1363,96.1285,76.44,88,100,3.42
398,Galveston,US,2021-10-10 20:00:57,29.3669,-94.9669,89.19,72,75,5.99
399,Kurilsk,RU,2021-10-10 20:00:57,45.2333,147.8833,61.52,92,100,21.27
400,Vieux-Habitants,GP,2021-10-10 20:00:57,16.0589,-61.7659,78.37,87,100,15.95
401,Hualmay,PE,2021-10-10 20:00:58,-11.0964,-77.6139,67.87,77,44,10.31
402,Kayes,ML,2021-10-10 20:00:58,14.0,-11.0,84.02,62,89,6.2
403,Ranong,TH,2021-10-10 20:00:58,9.9658,98.6348,79.66,89,98,14.5
404,Chiredzi,ZW,2021-10-10 20:00:59,-21.05,31.6667,63.59,63,100,10.69
405,Bud,US,2021-10-10 20:00:59,39.447,-86.1758,84.15,64,62,12.88
406,Shahkot,IN,2021-10-10 20:00:59,31.0775,75.3372,77.77,41,0,7.83
407,West Wendover,US,2021-10-10 20:01:00,40.7391,-114.0733,58.01,26,0,1.88
408,Kasongo-Lunda,CD,2021-10-10 20:01:00,-6.4667,16.8167,73.42,89,88,1.23
409,Longmont,US,2021-10-10 20:01:00,40.1672,-105.1019,71.76,29,1,1.01
410,Puerto Penasco,MX,2021-10-10 19:58:38,31.3167,-113.5333,81.91,37,0,7.0
411,Tigzirt,DZ,2021-10-10 20:01:01,36.8886,4.1198,66.85,71,0,8.43
412,Saint Paul,US,2021-10-10 19:59:36,44.9444,-93.0933,74.98,62,40,5.99
413,Cururupu,BR,2021-10-10 20:01:02,-1.8283,-44.8683,83.41,68,38,6.53
414,Dumas,US,2021-10-10 20:01:03,35.8656,-101.9732,53.02,93,75,24.16
415,Taoudenni,ML,2021-10-10 20:01:03,22.6783,-3.9836,94.93,9,59,8.72
416,Rochegda,RU,2021-10-10 20:01:04,62.8,43.25,49.37,89,100,10.09
417,Port Blair,IN,2021-10-10 20:01:04,11.6667,92.75,80.87,84,100,17.2
418,Imbituba,BR,2021-10-10 20:01:05,-28.24,-48.6703,68.83,82,99,11.36
419,Nador,MA,2021-10-10 20:01:05,35.174,-2.9287,70.05,73,0,8.05
420,Ketchikan,US,2021-10-10 20:01:06,55.3422,-131.6461,48.83,79,100,3.83
421,Moindou,NC,2021-10-10 20:01:06,-21.6924,165.677,62.55,65,14,4.9
422,Hambantota,LK,2021-10-10 20:01:06,6.1241,81.1185,79.14,94,0,4.61
423,Miri,MY,2021-10-10 20:01:06,4.4148,114.0089,79.43,86,100,1.68
424,Ilhabela,BR,2021-10-10 20:01:07,-23.7781,-45.3581,68.13,94,100,8.19
425,Lashio,MM,2021-10-10 20:01:07,22.9333,97.75,67.03,99,99,2.19
426,Labuhan,ID,2021-10-10 20:01:08,-6.8844,112.2051,77.76,78,80,8.46
427,Samfya,ZM,2021-10-10 20:01:08,-11.3649,29.5565,80.1,33,56,7.45
428,Qostanay,KZ,2021-10-10 20:01:08,53.1667,63.5833,38.44,79,97,5.28
429,Rapid Valley,US,2021-10-10 20:01:09,44.0625,-103.1463,67.42,35,1,11.01
430,Bairiki,KI,2021-10-10 20:01:09,1.3292,172.9752,80.42,74,9,11.9
431,Gravdal,NO,2021-10-10 20:01:09,68.1214,13.5031,46.29,93,75,2.3
432,Shubarshi,KZ,2021-10-10 20:01:10,48.5872,57.1869,45.3,66,19,6.96
433,Kanniyakumari,IN,2021-10-10 20:01:10,8.0833,77.5667,80.22,84,97,17.67
434,Samarai,PG,2021-10-10 19:58:57,-10.6167,150.6667,78.91,79,99,9.17
435,Haysville,US,2021-10-10 20:01:10,37.5645,-97.3523,75.6,46,90,12.66
436,Jeremie,HT,2021-10-10 20:01:11,18.65,-74.1167,83.77,73,80,4.5
437,Thinadhoo,MV,2021-10-10 20:01:11,0.5333,72.9333,83.21,69,100,14.14
438,Shouguang,CN,2021-10-10 20:01:11,36.88,118.7375,50.61,63,72,7.38
439,Lagoa,PT,2021-10-10 20:01:12,39.05,-27.9833,71.08,86,100,23.24
440,Kaa-Khem,RU,2021-10-10 20:01:12,51.6833,94.7333,34.74,54,34,4.25
441,Saint John,CA,2021-10-10 20:00:47,45.2727,-66.0677,54.43,79,100,7.02
442,Nchelenge,ZM,2021-10-10 20:01:12,-9.3451,28.734,80.35,36,87,5.35
443,Limulunga,ZM,2021-10-10 20:01:13,-15.0969,23.1376,84.4,17,55,6.4
444,Hasaki,JP,2021-10-10 19:56:53,35.7333,140.8333,64.29,71,57,15.41
445,Corinto,GR,2021-10-10 20:01:13,37.9407,22.9573,67.44,87,80,3.4
446,Contamana,PE,2021-10-10 20:01:14,-7.3333,-75.0167,92.59,44,99,2.64
447,Upington,ZA,2021-10-10 20:01:14,-28.4478,21.2561,66.67,6,8,9.1
448,Flin Flon,CA,2021-10-10 20:01:14,54.7682,-101.865,62.62,46,100,7.61
449,Tuatapere,NZ,2021-10-10 19:57:25,-46.1333,167.6833,48.81,96,100,4.25
450,Kayanga,TZ,2021-10-10 20:01:15,-1.5303,31.1511,64.89,68,95,2.77
451,Starkville,US,2021-10-10 20:01:15,33.4504,-88.8184,85.78,60,0,8.79
452,Vao,NC,2021-10-10 20:01:15,-22.6667,167.4833,69.64,63,4,14.92
453,Russell,US,2021-10-10 20:00:48,32.3502,-85.1999,83.05,57,40,5.75
454,Kenora,CA,2021-10-10 20:01:16,49.8167,-94.4337,60.78,94,75,11.5
455,Conde,BR,2021-10-10 20:01:16,-7.2597,-34.9075,78.21,72,53,9.71
456,Eydhafushi,MV,2021-10-10 20:01:16,5.1033,73.0708,82.81,77,91,16.24
457,Polis,CY,2021-10-10 20:01:17,35.0367,32.4264,69.62,70,8,2.3
458,Kupang,ID,2021-10-10 20:01:17,-10.1667,123.5833,75.58,84,91,4.85
459,Ercis,TR,2021-10-10 20:01:17,39.0287,43.3586,52.66,35,0,5.41
460,Fort Nelson,CA,2021-10-10 20:01:18,58.8053,-122.7002,38.88,87,100,8.23
461,Maridi,SS,2021-10-10 20:01:18,4.9158,29.4742,68.13,93,100,3.11
462,Sobolevo,RU,2021-10-10 20:01:18,54.4299,31.8996,39.81,71,100,4.38
463,Dindori,IN,2021-10-10 20:01:19,22.95,81.0833,67.41,69,5,0.56
464,Saldanha,ZA,2021-10-10 20:00:03,-33.0117,17.9442,61.12,60,83,9.53
465,Marsaxlokk,MT,2021-10-10 20:01:19,35.8419,14.5431,69.08,72,20,12.66
466,Yinchuan,CN,2021-10-10 20:01:19,38.4681,106.2731,46.26,44,0,4.14
467,Pampa,US,2021-10-10 20:01:20,35.5362,-100.9599,57.24,82,90,17.27
468,Faanui,PF,2021-10-10 20:01:20,-16.4833,-151.75,78.94,75,24,12.88
469,Lata,PT,2021-10-10 20:01:21,40.1629,-8.3327,68.07,50,16,4.34
470,Noyabrsk,RU,2021-10-10 20:01:21,63.1994,75.4507,27.48,71,32,10.02
471,Berdigestyakh,RU,2021-10-10 20:01:21,62.0989,126.6992,32.13,93,88,11.86
472,Krasnoselkup,RU,2021-10-10 20:01:22,65.7,82.4667,25.66,80,43,11.1
473,Dutlwe,BW,2021-10-10 20:01:22,-23.9833,23.9,70.57,53,0,22.55
474,Batetskiy,RU,2021-10-10 20:01:22,58.6461,30.3027,43.74,73,10,6.93
475,College,US,2021-10-10 19:58:06,64.8569,-147.8028,36.28,95,90,0.0
476,Poum,NC,2021-10-10 20:01:23,-20.2333,164.0167,73.27,66,12,21.23
477,Ouro Fino,BR,2021-10-10 20:01:23,-22.2831,-46.3692,65.28,91,100,5.73
478,Jiangyou,CN,2021-10-10 20:01:23,31.7667,104.7167,57.58,89,100,1.32
479,Takoradi,GH,2021-10-10 20:00:55,4.8845,-1.7554,76.78,90,100,10.63
480,Kinablangan,PH,2021-10-10 20:01:24,7.6947,126.5503,81.05,69,100,3.06
481,Khandyga,RU,2021-10-10 20:01:24,62.6667,135.6,31.12,75,100,5.93
482,Hofn,IS,2021-10-10 20:01:24,64.2539,-15.2082,42.76,77,88,11.68
483,Novoagansk,RU,2021-10-10 20:01:25,61.9449,76.6625,28.29,71,21,8.32
484,Aksehir,TR,2021-10-10 20:01:25,38.3575,31.4164,62.33,39,0,2.24
485,Umm Lajj,SA,2021-10-10 20:01:25,25.0213,37.2685,87.6,53,0,7.11
486,Shimoda,JP,2021-10-10 20:01:26,34.6667,138.95,67.1,81,10,6.44
487,Moerai,PF,2021-10-10 20:01:26,-22.4333,-151.3333,73.8,75,100,11.79
488,Nome,US,2021-10-10 20:01:26,64.5011,-165.4064,33.87,80,75,0.0
489,Riosucio,CO,2021-10-10 20:01:27,5.4216,-75.7032,63.03,90,96,2.62
490,Northam,GB,2021-10-10 20:01:27,51.0333,-4.2167,56.61,81,12,11.03
491,Kimbe,PG,2021-10-10 20:01:27,-5.5502,150.1429,75.69,92,82,2.17
492,Troitskoye,RU,2021-10-10 20:01:14,52.9821,84.6757,43.83,73,100,7.94
493,Gamba,GA,2021-10-10 20:01:28,-2.65,10.0,76.19,83,100,5.23
494,Birnin Kebbi,NG,2021-10-10 20:01:28,12.4539,4.1975,86.07,38,99,7.36
495,Show Low,US,2021-10-10 20:01:12,34.2542,-110.0298,59.31,33,1,8.05
496,Praia,CV,2021-10-10 19:59:10,14.9215,-23.5087,82.94,65,0,16.11
497,Ouango,CF,2021-10-10 20:01:29,4.3133,22.5552,72.91,98,100,1.5
498,Ponta Delgada,PT,2021-10-10 20:01:29,37.7333,-25.6667,70.52,94,75,11.5
499,Mtwara,TZ,2021-10-10 20:01:30,-10.2667,40.1833,75.88,83,19,10.98
500,Mahebourg,MU,2021-10-10 19:56:54,-20.4081,57.7,72.25,100,75,13.8
501,Vigrestad,NO,2021-10-10 20:01:30,58.5667,5.7,53.28,75,25,19.35
502,Florina,GR,2021-10-10 20:01:30,40.782,21.4098,52.92,98,100,5.46
503,Les Cayes,HT,2021-10-10 20:01:31,18.2,-73.75,85.41,64,80,8.23
504,Itoman,JP,2021-10-10 20:01:31,26.1247,127.6694,82.42,83,75,17.27
505,Elbistan,TR,2021-10-10 20:01:31,38.2059,37.1983,61.34,20,0,0.85
506,Moose Factory,CA,2021-10-10 20:01:32,51.2585,-80.6094,66.52,83,100,5.86
507,Ciudad Bolivar,VE,2021-10-10 20:01:32,8.1222,-63.5497,92.23,49,97,4.07
508,San Patricio,US,2021-10-10 20:01:32,28.017,-97.5169,94.05,57,42,20.76
509,Acapulco,MX,2021-10-10 20:00:18,16.8634,-99.8901,85.37,71,29,8.16
510,Mandalgovi,MN,2021-10-10 20:01:33,45.7625,106.2708,35.4,38,0,9.26
511,Trinidad,BO,2021-10-10 20:01:33,-14.8333,-64.9,102.52,26,96,9.71
512,Agboville,CI,2021-10-10 20:01:33,5.928,-4.2132,74.82,97,100,3.29
513,Durango,MX,2021-10-10 20:01:09,24.8333,-104.8333,82.42,25,0,10.51
514,Puerto Carreno,CO,2021-10-10 20:01:34,6.189,-67.4859,87.82,65,100,7.61
515,Lodja,CD,2021-10-10 20:01:34,-3.4833,23.4333,70.72,97,100,1.66
516,Dingle,PH,2021-10-10 20:01:34,10.9995,122.6711,76.57,92,93,9.26
517,Alice Springs,AU,2021-10-10 19:57:16,-23.7,133.8833,53.15,100,90,10.36
518,Eyl,SO,2021-10-10 20:01:35,7.9803,49.8164,78.69,87,75,16.02
519,Beinamar,TD,2021-10-10 20:01:35,8.6698,15.3813,68.41,89,100,8.43
520,Yeniseysk,RU,2021-10-10 20:01:35,58.4497,92.1703,28.2,89,68,6.46
521,Kyren,RU,2021-10-10 19:59:49,51.6828,102.1408,34.84,68,0,3.2
522,Sedro-Woolley,US,2021-10-10 20:01:36,48.5039,-122.2361,57.33,81,54,7.09
523,Ziro,IN,2021-10-10 20:01:36,27.6333,93.8333,54.03,96,9,2.21
524,Mangan,IN,2021-10-10 20:00:19,27.5167,88.5333,70.43,80,16,4.76
525,Kalmunai,LK,2021-10-10 20:01:36,7.4167,81.8167,81.23,77,99,3.51
526,Bayevo,RU,2021-10-10 20:01:37,53.2833,80.7667,43.66,76,100,3.96
527,Mattawa,US,2021-10-10 20:01:37,46.7379,-119.9028,65.01,40,15,8.99
528,Canchungo,GW,2021-10-10 20:01:37,12.0672,-16.0333,80.31,80,46,5.64
529,Kerrobert,CA,2021-10-10 20:01:38,51.9168,-109.1348,57.51,26,100,16.15
530,Yunhe,CN,2021-10-10 20:01:38,34.0833,119.7167,60.69,75,100,11.07
531,Guarapari,BR,2021-10-10 20:00:58,-20.6667,-40.4975,68.61,94,100,9.6
532,Marzuq,YE,2021-10-10 20:01:39,14.4,46.4667,79.72,55,41,2.33
533,Treinta Y Tres,UY,2021-10-10 20:01:39,-33.2333,-54.3833,60.22,84,100,16.46
534,Lasa,IT,2021-10-10 19:57:58,46.6166,10.7002,45.34,80,2,7.74
535,Shingu,JP,2021-10-10 20:01:40,33.7333,135.9833,67.84,90,0,4.59
536,Cuamba,MZ,2021-10-10 20:01:40,-14.8031,36.5372,74.46,64,66,12.55
537,Monster,NL,2021-10-10 20:01:40,52.0258,4.175,58.98,89,75,8.01
538,Naryan-Mar,RU,2021-10-10 20:01:40,67.6713,53.087,31.01,92,100,11.48
539,Pocone,BR,2021-10-10 19:56:49,-16.2567,-56.6228,96.21,31,100,7.83
540,Laguna,US,2021-10-10 19:59:27,38.421,-121.4238,78.87,39,1,1.99
541,Monterey,US,2021-10-10 20:01:41,36.2505,-121.2516,76.26,33,0,3.27
542,Faro,PT,2021-10-10 19:58:57,37.0194,-7.9322,73.18,60,0,6.91
543,Kasangulu,CD,2021-10-10 20:01:41,-4.5911,15.1708,76.84,74,100,2.71
544,Riyadh,SA,2021-10-10 19:57:27,24.6877,46.7219,84.34,16,0,6.6
545,Anadyr,RU,2021-10-10 19:58:45,64.75,177.4833,21.7,92,75,5.99
546,Kaitangata,NZ,2021-10-10 19:59:11,-46.2817,169.8464,50.67,78,100,3.38
547,Kovernino,RU,2021-10-10 20:01:42,57.1253,43.8142,43.79,96,53,4.99
548,Caucaia,BR,2021-10-10 20:01:42,-3.7361,-38.6531,86.07,69,0,11.5
549,Muros,ES,2021-10-10 19:59:58,42.7762,-9.0603,66.09,55,0,13.15
550,Norsup,VU,2021-10-10 20:01:43,-16.0667,167.3833,78.78,81,97,15.1
551,Ngawi,ID,2021-10-10 20:01:43,-7.4038,111.4461,76.8,76,95,5.68
552,Wanning,CN,2021-10-10 20:01:44,18.8003,110.3967,78.87,88,93,3.15
553,Lingao,CN,2021-10-10 20:01:44,19.9103,109.6859,77.9,91,100,13.22
554,Bonthe,SL,2021-10-10 20:01:44,7.5264,-12.505,78.85,83,14,6.51
555,Okhotsk,RU,2021-10-10 20:01:44,59.3833,143.3,22.26,83,15,8.88
556,Camapua,BR,2021-10-10 20:01:45,-19.5314,-54.0439,67.03,94,100,18.5
557,Nola,IT,2021-10-10 20:01:45,40.922,14.5329,55.54,74,95,3.51
558,Senno,RU,2021-10-10 20:01:45,59.5336,33.9167,46.26,76,15,8.01
559,Gold Coast,AU,2021-10-10 19:57:38,-28.0,153.4333,69.01,82,97,3.0
560,Piacabucu,BR,2021-10-10 20:01:46,-10.4056,-36.4344,78.17,74,100,10.13
561,Skjervoy,NO,2021-10-10 20:01:46,70.0311,20.9714,48.79,86,100,1.1
562,Bogotol,RU,2021-10-10 20:01:46,56.2078,89.5342,34.72,99,100,5.28
563,Santa Rita,BR,2021-10-10 20:01:47,-7.1139,-34.9781,79.25,70,62,9.28
564,Tikrit,IQ,2021-10-10 20:01:47,34.6071,43.6782,79.07,15,0,9.42
565,Chabahar,IR,2021-10-10 20:01:47,25.2919,60.643,82.58,65,0,3.44
566,Tortoli,IT,2021-10-10 20:01:48,39.9256,9.6572,57.97,58,0,7.27
567,Razole,IN,2021-10-10 20:01:48,16.4833,81.8333,77.04,89,14,2.59
568,Aden,YE,2021-10-10 20:00:05,12.7794,45.0367,87.55,67,95,2.28
569,Grand-Santi,GF,2021-10-10 20:01:08,4.25,-54.3833,88.47,53,100,2.8
570,Cortez,US,2021-10-10 20:01:49,37.3489,-108.5859,67.42,39,0,22.12
571,Kochi,IN,2021-10-10 20:01:49,9.9399,76.2602,76.98,88,100,3.0
572,Ngunguru,NZ,2021-10-10 20:01:49,-35.6167,174.5,53.17,70,7,6.15
